<domain type='kvm'>
  <name>linpack</name>
  <memory unit='GiB'>100</memory>
  <currentMemory unit='GiB'>100</currentMemory>
  <cpu mode='host-passthrough'>
    <topology sockets='2' cores='8' threads='2'/>
    <!-- <numa>
      <cell id='0' cpus='0-15'  memory='512000'/>
      <cell id='1' cpus='16-31' memory='512000'/>
    </numa> -->
  </cpu>
  <vcpu>32</vcpu>
  <cputune>
    <vcpupin vcpu="0"  cpuset="0"/>
    <vcpupin vcpu="1"  cpuset="16"/>
    <vcpupin vcpu="2"  cpuset="1"/>
    <vcpupin vcpu="3"  cpuset="17"/>
    <vcpupin vcpu="4"  cpuset="2"/>
    <vcpupin vcpu="5"  cpuset="18"/>
    <vcpupin vcpu="6"  cpuset="3"/>
    <vcpupin vcpu="7"  cpuset="19"/>
    <vcpupin vcpu="8"  cpuset="4"/>
    <vcpupin vcpu="9"  cpuset="20"/>
    <vcpupin vcpu="10" cpuset="5"/>
    <vcpupin vcpu="11" cpuset="21"/>
    <vcpupin vcpu="12" cpuset="6"/>
    <vcpupin vcpu="13" cpuset="22"/>
    <vcpupin vcpu="14" cpuset="7"/>
    <vcpupin vcpu="15" cpuset="23"/>
    <vcpupin vcpu="16" cpuset="8"/>
    <vcpupin vcpu="17" cpuset="24"/>
    <vcpupin vcpu="18" cpuset="9"/>
    <vcpupin vcpu="19" cpuset="25"/>
    <vcpupin vcpu="20" cpuset="10"/>
    <vcpupin vcpu="21" cpuset="26"/>
    <vcpupin vcpu="22" cpuset="11"/>
    <vcpupin vcpu="23" cpuset="27"/>
    <vcpupin vcpu="24" cpuset="12"/>
    <vcpupin vcpu="25" cpuset="28"/>
    <vcpupin vcpu="26" cpuset="13"/>
    <vcpupin vcpu="27" cpuset="29"/>
    <vcpupin vcpu="28" cpuset="14"/>
    <vcpupin vcpu="29" cpuset="30"/>
    <vcpupin vcpu="30" cpuset="15"/>
    <vcpupin vcpu="31" cpuset="31"/>
  </cputune>
  <resource>
    <partition>/machine</partition>
  </resource>
  <features>
    <acpi/>
    <apic/>
  </features>
  <os>
    <type arch='x86_64' machine='pc-i440fx-1.5'>hvm</type>
    <boot dev='hd'/>
  </os>
  <clock offset='utc'/>
  <on_poweroff>destroy</on_poweroff>
  <on_reboot>restart</on_reboot>
  <on_crash>destroy</on_crash>
  <devices>
    <emulator>/usr/bin/kvm-spice</emulator>
    <disk type='file' device='disk'>
      <driver name='qemu' type='qcow2'/>
      <source file='/power/home/wmf/src/spyre/workloads/linpack/linpack.qcow'/>
      <target dev='vda' bus='virtio'/>
      <alias name='virtio-disk0'/>
      <address type='pci' domain='0x0000' bus='0x00' slot='0x04' function='0x0'/>
    </disk>
    <disk type='file' device='disk'>
      <driver name='qemu' type='raw'/>
      <source file='/power/home/wmf/src/spyre/workloads/common/vm/seed.img'/>
      <target dev='vdb' bus='virtio'/>
      <alias name='virtio-disk1'/>
      <address type='pci' domain='0x0000' bus='0x00' slot='0x05' function='0x0'/>
    </disk>
    <controller type='usb' index='0'>
      <alias name='usb0'/>
      <address type='pci' domain='0x0000' bus='0x00' slot='0x01' function='0x2'/>
    </controller>
    <controller type='pci' index='0' model='pci-root'>
      <alias name='pci0'/>
    </controller>
    <interface type='network'>
      <mac address='52:54:00:40:74:bf'/>
      <source network='default'/>
      <target dev='vnet0'/>
      <model type='virtio'/>
      <alias name='net0'/>
      <address type='pci' domain='0x0000' bus='0x00' slot='0x03' function='0x0'/>
    </interface>
    <interface type='bridge'>
      <mac address='52:54:00:c7:3b:29'/>
      <source bridge='spyre'/>
      <target dev='vnet1'/>
      <model type='virtio'/>
      <alias name='net1'/>
      <address type='pci' domain='0x0000' bus='0x00' slot='0x07' function='0x0'/>
    </interface>
    <serial type='pty'>
      <source path='/dev/pts/3'/>
      <target port='0'/>
      <alias name='serial0'/>
    </serial>
    <console type='pty' tty='/dev/pts/3'>
      <source path='/dev/pts/3'/>
      <target type='serial' port='0'/>
      <alias name='serial0'/>
    </console>
    <input type='mouse' bus='ps2'/>
    <graphics type='vnc' port='5900' autoport='yes' listen='127.0.0.1'>
      <listen type='address' address='127.0.0.1'/>
    </graphics>
    <video>
      <model type='cirrus' vram='9216' heads='1'/>
      <alias name='video0'/>
      <address type='pci' domain='0x0000' bus='0x00' slot='0x02' function='0x0'/>
    </video>
    <memballoon model='virtio'>
      <alias name='balloon0'/>
      <address type='pci' domain='0x0000' bus='0x00' slot='0x06' function='0x0'/>
    </memballoon>
  </devices>
  <seclabel type='dynamic' model='apparmor' relabel='yes'>
    <label>libvirt-72bfeaf4-ab92-4798-a055-d722b2d3222b</label>
    <imagelabel>libvirt-72bfeaf4-ab92-4798-a055-d722b2d3222b</imagelabel>
  </seclabel>
</domain>

